{
  "accuracy": 0.9680851063829787,
  "classification_report": {
    "Silence": {
      "precision": 0.9523809523809523,
      "recall": 1.0,
      "f1-score": 0.975609756097561,
      "support": 20.0
    },
    "Factory": {
      "precision": 0.92,
      "recall": 1.0,
      "f1-score": 0.9583333333333334,
      "support": 23.0
    },
    "Fire": {
      "precision": 1.0,
      "recall": 0.8125,
      "f1-score": 0.896551724137931,
      "support": 16.0
    },
    "Gas Leak": {
      "precision": 1.0,
      "recall": 1.0,
      "f1-score": 1.0,
      "support": 18.0
    },
    "Scream": {
      "precision": 1.0,
      "recall": 1.0,
      "f1-score": 1.0,
      "support": 17.0
    },
    "accuracy": 0.9680851063829787,
    "macro avg": {
      "precision": 0.9744761904761905,
      "recall": 0.9625,
      "f1-score": 0.966098962713765,
      "support": 94.0
    },
    "weighted avg": {
      "precision": 0.9702938196555217,
      "recall": 0.9680851063829787,
      "f1-score": 0.9670073337747317,
      "support": 94.0
    }
  },
  "confusion_matrix": [
    [
      20,
      0,
      0,
      0,
      0
    ],
    [
      0,
      23,
      0,
      0,
      0
    ],
    [
      1,
      2,
      13,
      0,
      0
    ],
    [
      0,
      0,
      0,
      18,
      0
    ],
    [
      0,
      0,
      0,
      0,
      17
    ]
  ],
  "predictions": [
    [
      0.00024752088938839734,
      0.0007278285338543355,
      0.0005348536651581526,
      0.0013804335612803698,
      0.9971093535423279
    ],
    [
      0.9972338080406189,
      0.00032803387148305774,
      0.000618066405877471,
      0.0007680884446017444,
      0.0010520850773900747
    ],
    [
      0.00043008069042116404,
      0.0003885208861902356,
      7.662566349608824e-05,
      0.998461127281189,
      0.0006437076954171062
    ],
    [
      0.0002585031616035849,
      0.0007480960921384394,
      0.0005274559953249991,
      0.001469041919335723,
      0.9969968795776367
    ],
    [
      0.0005870836903341115,
      0.026179732754826546,
      0.0014232087414711714,
      0.011851445771753788,
      0.9599584937095642
    ],
    [
      0.0012198255863040686,
      0.0015193270519375801,
      0.9688971638679504,
      0.018856609240174294,
      0.009507003240287304
    ],
    [
      0.0002543741720728576,
      0.0008101767743937671,
      0.000603970664087683,
      0.0013352801324799657,
      0.9969961643218994
    ],
    [
      0.0005080931587144732,
      0.0007636286900378764,
      0.990300178527832,
      0.0054655540734529495,
      0.0029625596944242716
    ],
    [
      0.9971963167190552,
      0.0003321174008306116,
      0.0006373151554726064,
      0.0007575948256999254,
      0.00107668642885983
    ],
    [
      0.0002740930940490216,
      0.996088981628418,
      0.001312802778556943,
      0.0007441464113071561,
      0.0015799812972545624
    ],
    [
      0.9968936443328857,
      0.00035787312663160264,
      0.00063877715729177,
      0.0009206341928802431,
      0.0011890479363501072
    ],
    [
      0.00034707141458056867,
      0.0028273460920900106,
      0.0005467584705911577,
      0.019028419628739357,
      0.9772505164146423
    ],
    [
      0.00018106984498444945,
      0.00027278478955850005,
      0.9981495141983032,
      0.0007463466608896852,
      0.0006503301556222141
    ],
    [
      0.9973356127738953,
      0.00030168064404278994,
      0.0005816646153107285,
      0.0008280424517579377,
      0.0009530920069664717
    ],
    [
      0.9972705245018005,
      0.0003319961251690984,
      0.000598363985773176,
      0.0007619662210345268,
      0.0010371460812166333
    ],
    [
      0.9970217347145081,
      0.0003554210707079619,
      0.0006652287556789815,
      0.0008591134683229029,
      0.0010984885739162564
    ],
    [
      0.9974544644355774,
      0.0003306391299702227,
      0.0005495450459420681,
      0.0007529478752985597,
      0.0009123646887019277
    ],
    [
      0.0010576937347650528,
      0.001093716942705214,
      0.0002117682306561619,
      0.9964596629142761,
      0.0011772449361160398
    ],
    [
      0.0002723374927882105,
      0.9965840578079224,
      0.0009916493436321616,
      0.0007668237667530775,
      0.0013850923860445619
    ],
    [
      0.0004405608051456511,
      0.004540937952697277,
      0.0005472751217894256,
      0.01520904153585434,
      0.9792622327804565
    ],
    [
      0.9970983266830444,
      0.0003423456510063261,
      0.0006114815478213131,
      0.0008540414273738861,
      0.001093924860469997
    ],
    [
      0.00031853001564741135,
      0.9949470162391663,
      0.001563399564474821,
      0.0009354549110867083,
      0.002235591411590576
    ],
    [
      0.0003310144238639623,
      0.9949638843536377,
      0.0017903969855979085,
      0.0010098820785060525,
      0.0019048999529331923
    ],
    [
      0.00021566386567428708,
      0.00032450255821458995,
      0.9978024363517761,
      0.0008945197914727032,
      0.0007629687315784395
    ],
    [
      0.9971206784248352,
      0.0003478635335341096,
      0.0006180354976095259,
      0.000829362659715116,
      0.001084058196283877
    ],
    [
      0.000252252328209579,
      0.0006672500167042017,
      0.0004958153003826737,
      0.0014119972474873066,
      0.9971727132797241
    ],
    [
      0.00025197031209245324,
      0.00038718123687431216,
      0.9972917437553406,
      0.001089616329409182,
      0.0009794043144211173
    ],
    [
      0.00043309442116878927,
      0.0003832544316537678,
      0.00016765244072303176,
      0.9985117316246033,
      0.0005042158300057054
    ],
    [
      0.00024796248180791736,
      0.0007255526725202799,
      0.0006064918707124889,
      0.0013648567255586386,
      0.997055172920227
    ],
    [
      0.0002120293356711045,
      0.0003538928576745093,
      0.997833788394928,
      0.0008578110719099641,
      0.0007424051873385906
    ],
    [
      0.00028186963754706085,
      0.995557963848114,
      0.0014635981060564518,
      0.0008518096874468029,
      0.001844809390604496
    ],
    [
      0.00024247296096291393,
      0.9957412481307983,
      0.001709630829282105,
      0.0007585179409943521,
      0.0015481173759326339
    ],
    [
      0.00035867030965164304,
      0.9945705533027649,
      0.0017707871738821268,
      0.0010594818741083145,
      0.0022405071649700403
    ],
    [
      0.0024900108110159636,
      0.0035858906339854,
      0.0015219792257994413,
      0.07789967954158783,
      0.9145023822784424
    ],
    [
      0.0006251998711377382,
      0.9888198971748352,
      0.0015192516148090363,
      0.002513284794986248,
      0.006522440351545811
    ],
    [
      0.00032132433261722326,
      0.00033455234370194376,
      0.00028370998916216195,
      0.9984045624732971,
      0.0006558614550158381
    ],
    [
      0.9970300197601318,
      0.00033461375278420746,
      0.0006315339123830199,
      0.0009079047595150769,
      0.0010959994979202747
    ],
    [
      0.0004809779638890177,
      0.00043354282388463616,
      0.0001142336695920676,
      0.9982661604881287,
      0.0007051858701743186
    ],
    [
      0.00023390425485558808,
      0.0007510291179642081,
      0.0006316180224530399,
      0.0012148161185905337,
      0.9971686005592346
    ],
    [
      0.0002639081794768572,
      0.9963122010231018,
      0.001212575938552618,
      0.0007440842455253005,
      0.001467267400585115
    ],
    [
      0.9974080920219421,
      0.0003310292086098343,
      0.0005503607681021094,
      0.0008026965078897774,
      0.0009077541762962937
    ],
    [
      0.0006567026721313596,
      0.9455243349075317,
      0.04223646596074104,
      0.0024505103938281536,
      0.009131938219070435
    ],
    [
      0.00026694033294916153,
      0.9964080452919006,
      0.0010732881492003798,
      0.0007857486489228904,
      0.0014659608714282513
    ],
    [
