{
  "accuracy": 0.9893617021276596,
  "classification_report": {
    "Silence": {
      "precision": 1.0,
      "recall": 1.0,
      "f1-score": 1.0,
      "support": 22.0
    },
    "Factory": {
      "precision": 0.96,
      "recall": 1.0,
      "f1-score": 0.9795918367346939,
      "support": 24.0
    },
    "Fire": {
      "precision": 1.0,
      "recall": 1.0,
      "f1-score": 1.0,
      "support": 15.0
    },
    "Gas Leak": {
      "precision": 1.0,
      "recall": 1.0,
      "f1-score": 1.0,
      "support": 17.0
    },
    "Scream": {
      "precision": 1.0,
      "recall": 0.9375,
      "f1-score": 0.967741935483871,
      "support": 16.0
    },
    "accuracy": 0.9893617021276596,
    "macro avg": {
      "precision": 0.992,
      "recall": 0.9875,
      "f1-score": 0.989466754443713,
      "support": 94.0
    },
    "weighted avg": {
      "precision": 0.9897872340425531,
      "recall": 0.9893617021276596,
      "f1-score": 0.9892986707380275,
      "support": 94.0
    }
  },
  "confusion_matrix": [
    [
      22,
      0,
      0,
      0,
      0
    ],
    [
      0,
      24,
      0,
      0,
      0
    ],
    [
      0,
      0,
      15,
      0,
      0
    ],
    [
      0,
      0,
      0,
      17,
      0
    ],
    [
      0,
      1,
      0,
      0,
      15
    ]
  ],
  "predictions": [
    [
      0.00739238690584898,
      0.0032169832848012447,
      0.004586073104292154,
      0.001687266631051898,
      0.9831173419952393
    ],
    [
      0.9896115064620972,
      0.0005824014660902321,
      0.0012449680361896753,
      0.004326337948441505,
      0.004234836902469397
    ],
    [
      0.0073608411476016045,
      0.0017958915559574962,
      0.0018785750726237893,
      0.9885339140892029,
      0.00043068398372270167
    ],
    [
      0.0069014765322208405,
      0.003206460503861308,
      0.0039669848047196865,
      0.0017862262902781367,
      0.9841387867927551
    ],
    [
      0.007786769885569811,
      0.003559540957212448,
      0.005276984069496393,
      0.0017984004225581884,
      0.9815783500671387
    ],
    [
      0.00042389624286442995,
      0.0009272836032323539,
      0.9944175481796265,
      0.0035816070158034563,
      0.0006496146088466048
    ],
    [
      0.005386563949286938,
      0.002608992625027895,
      0.003309774212539196,
      0.0012609041295945644,
      0.9874337315559387
    ],
    [
      0.0003899267176166177,
      0.0007318134885281324,
      0.9963245987892151,
      0.0017763462383300066,
      0.0007771895034238696
    ],
    [
      0.9893682599067688,
      0.0005975556559860706,
      0.0010978404898196459,
      0.005232235882431269,
      0.0037042126059532166
    ],
    [
      0.005329178646206856,
      0.9369050860404968,
      0.004106725100427866,
      0.0268465094268322,
      0.026812467724084854
    ],
    [
      0.9123857617378235,
      0.0021329850424081087,
      0.023629596456885338,
      0.006762261502444744,
      0.05508945509791374
    ],
    [
      0.005647944752126932,
      0.0024986709468066692,
      0.003313904395326972,
      0.0011521776905283332,
      0.9873872399330139
    ],
    [
      0.0003160395135637373,
      0.0007115420885384083,
      0.9968923926353455,
      0.0014798897318542004,
      0.0006001520669087768
    ],
    [
      0.9896063208580017,
      0.000559697044081986,
      0.0008548871846869588,
      0.006063235457986593,
      0.0029157691169530153
    ],
    [
      0.989703357219696,
      0.0005618459545075893,
      0.0010022107744589448,
      0.0054329256527125835,
      0.0032996274530887604
    ],
    [
      0.989168643951416,
      0.0005672175320796669,
      0.001005491940304637,
      0.0061102015897631645,
      0.003148359479382634
    ],
    [
      0.9890965819358826,
      0.0006017977138981223,
      0.0009896735427901149,
      0.005957408808171749,
      0.003354485845193267
    ],
    [
      0.023884085938334465,
      0.002558045322075486,
      0.003316638059914112,
      0.969617486000061,
      0.0006236848421394825
    ],
    [
      0.008192509412765503,
      0.8887867331504822,
      0.007097861263900995,
      0.06711836904287338,
      0.02880457043647766
    ],
    [
      0.017509521916508675,
      0.004873068071901798,
      0.006582318339496851,
      0.004808114375919104,
      0.966227114200592
    ],
    [
      0.9896865487098694,
      0.0005903556593693793,
      0.0010015416191890836,
      0.005106661934405565,
      0.003614942543208599
    ],
    [
      0.006019038613885641,
      0.9290448427200317,
      0.005051630083471537,
      0.029937973245978355,
      0.029946548864245415
    ],
    [
      0.0054527162574231625,
      0.9356737732887268,
      0.0043263728730380535,
      0.027207568287849426,
      0.027339614927768707
    ],
    [
      0.00030965861515142024,
      0.000764228287152946,
      0.9968975782394409,
      0.0014420150546357036,
      0.0005864813574589789
    ],
    [
      0.7843539118766785,
      0.002313898177817464,
      0.004282359499484301,
      0.20594081282615662,
      0.003108987119048834
    ],
    [
      0.019439181312918663,
      0.011701072566211224,
      0.005118357017636299,
      0.013238973915576935,
      0.9505024552345276
    ],
    [
      0.0003597441827878356,
      0.0007670554332435131,
      0.9965386390686035,
      0.0016580147203058004,
      0.0006765284342691302
    ],
    [
      0.007803101092576981,
      0.003391471691429615,
      0.0037743840366601944,
      0.9842929244041443,
      0.0007381084142252803
    ],
    [
      0.005822075996547937,
      0.0029800329357385635,
      0.0032239030115306377,
      0.0013174202758818865,
      0.9866565465927124
    ],
    [
      0.00534109165892005,
      0.9365704655647278,
      0.0042739687487483025,
      0.027566341683268547,
      0.02624817192554474
    ],
    [
      0.005418965592980385,
      0.9363641142845154,
      0.004202770069241524,
      0.027953067794442177,
      0.026061054319143295
    ],
    [
      0.0003013483074028045,
      0.0006723868427798152,
      0.9969203472137451,
      0.00147757469676435,
      0.0006283670663833618
    ],
    [
      0.9896911382675171,
      0.0005637965514324605,
      0.0009724099654704332,
      0.0055740224197506905,
      0.0031986914109438658
    ],
    [
      0.004209135193377733,
      0.0027279905043542385,
      0.0030509070493280888,
      0.0013680905103683472,
      0.9886438846588135
    ],
    [
      0.006493795197457075,
      0.9252290725708008,
      0.005596133414655924,
      0.032288454473018646,
      0.030392546206712723
    ],
    [
      0.007851200178265572,
      0.0020685470663011074,
      0.0023497710935771465,
      0.987205982208252,
      0.0005244771018624306
    ],
    [
      0.988459587097168,
      0.0006108250818215311,
      0.0010038688778877258,
      0.006535259075462818,
      0.0033904786687344313
    ],
    [
      0.010521749965846539,
      0.0017299313331022859,
      0.0024332187604159117,
      0.9848434329032898,
      0.00047167192678898573
    ],
    [
      0.005847748834639788,
      0.9311938881874084,
      0.004757795017212629,
      0.029623286798596382,
      0.028577301651239395
    ],
    [
      0.0052636428736150265,
      0.9366617798805237,
      0.003962439950555563,
      0.029010914266109467,
      0.02510119415819645
    ],
    [
      0.9905875325202942,
      0.0005115774692967534,
      0.0010234829969704151,
      0.004532148130238056,
      0.0033452403731644154
    ],
    [
      0.005541939754039049,
      0.9346731901168823,
      0.004198795184493065,
      0.029522407799959183,
      0.026063671335577965
    ],
    [
      0.006268108729273081,
      0.9278833270072937,
      0.005394383799284697,
      0.03166212886571884,
      0.02879204973578453
    ],
    [
      0.00531401950865984,
      0.9366683959960938,
      0.004152805078774691,
      0.028470085933804512,
      0.02539478987455368
