{
  "accuracy": 0.9148936170212766,
  "classification_report": {
    "Silence": {
      "precision": 0.8461538461538461,
      "recall": 1.0,
      "f1-score": 0.9166666666666666,
      "support": 11.0
    },
    "Factory": {
      "precision": 0.8571428571428571,
      "recall": 1.0,
      "f1-score": 0.9230769230769231,
      "support": 12.0
    },
    "Fire": {
      "precision": 1.0,
      "recall": 0.875,
      "f1-score": 0.9333333333333333,
      "support": 8.0
    },
    "Gas Leak": {
      "precision": 1.0,
      "recall": 0.875,
      "f1-score": 0.9333333333333333,
      "support": 8.0
    },
    "Scream": {
      "precision": 1.0,
      "recall": 0.75,
      "f1-score": 0.8571428571428571,
      "support": 8.0
    },
    "accuracy": 0.9148936170212766,
    "macro avg": {
      "precision": 0.9406593406593406,
      "recall": 0.9,
      "f1-score": 0.9127106227106226,
      "support": 47.0
    },
    "weighted avg": {
      "precision": 0.9275192892214168,
      "recall": 0.9148936170212766,
      "f1-score": 0.9138453744836723,
      "support": 47.0
    }
  },
  "confusion_matrix": [
    [
      11,
      0,
      0,
      0,
      0
    ],
    [
      0,
      12,
      0,
      0,
      0
    ],
    [
      1,
      0,
      7,
      0,
      0
    ],
    [
      0,
      1,
      0,
      7,
      0
    ],
    [
      1,
      1,
      0,
      0,
      6
    ]
  ],
  "predictions": [
    [
      0.1962754726409912,
      0.18938691914081573,
      0.2006731480360031,
      0.1989952027797699,
      0.21466925740242004
    ],
    [
      0.2646297812461853,
      0.1585744023323059,
      0.21076974272727966,
      0.1523895412683487,
      0.21363650262355804
    ],
    [
      0.20992739498615265,
      0.1916833519935608,
      0.20108674466609955,
      0.20538771152496338,
      0.19191475212574005
    ],
    [
      0.2681847810745239,
      0.15753225982189178,
      0.21302665770053864,
      0.15085846185684204,
      0.21039775013923645
    ],
    [
      0.2116195261478424,
      0.1908189207315445,
      0.20186161994934082,
      0.204477459192276,
      0.19122251868247986
    ],
    [
      0.19814184308052063,
      0.1914949119091034,
      0.1982085406780243,
      0.2135811448097229,
      0.19857360422611237
    ],
    [
      0.18064062297344208,
      0.2525974214076996,
      0.19770251214504242,
      0.1946980506181717,
      0.17436134815216064
    ],
    [
      0.26821693778038025,
      0.157600998878479,
      0.21304436028003693,
      0.15094035863876343,
      0.2101973444223404
    ],
    [
      0.1966656595468521,
      0.1906139999628067,
      0.19976887106895447,
      0.19668954610824585,
      0.21626201272010803
    ],
    [
      0.20013530552387238,
      0.19626760482788086,
      0.20563530921936035,
      0.2029527872800827,
      0.19500894844532013
    ],
    [
      0.2464015930891037,
      0.1573963314294815,
      0.20985446870326996,
      0.15968136489391327,
      0.22666630148887634
    ],
    [
      0.19822974503040314,
      0.19929347932338715,
      0.2030743807554245,
      0.21459811925888062,
      0.1848042756319046
    ],
    [
      0.18107277154922485,
      0.25358718633651733,
      0.19676803052425385,
      0.19360218942165375,
      0.1749698519706726
    ],
    [
      0.194244384765625,
      0.20621785521507263,
      0.20291058719158173,
      0.20518805086612701,
      0.19143913686275482
    ],
    [
      0.26034530997276306,
      0.15855588018894196,
      0.20945996046066284,
      0.15425999462604523,
      0.21737882494926453
    ],
    [
      0.19648243486881256,
      0.20204779505729675,
      0.20179316401481628,
      0.1998620480298996,
      0.1998145878314972
    ],
    [
      0.24741846323013306,
      0.16033430397510529,
      0.20584025979042053,
      0.16117635369300842,
      0.2252306193113327
    ],
    [
      0.19587582349777222,
      0.1963864117860794,
      0.20048633217811584,
      0.19725659489631653,
      0.20999480783939362
    ],
    [
      0.18961259722709656,
      0.20159295201301575,
      0.21198080480098724,
      0.2076214700937271,
      0.18919220566749573
    ],
    [
      0.2690728008747101,
      0.15772689878940582,
      0.212924525141716,
      0.15076516568660736,
      0.20951063930988312
    ],
    [
      0.2028905600309372,
      0.19765913486480713,
      0.2050643265247345,
      0.20134609937667847,
      0.1930399239063263
    ],
    [
      0.19166366755962372,
      0.20629949867725372,
      0.20174701511859894,
      0.21209314465522766,
      0.18819661438465118
    ],
    [
      0.1984594613313675,
      0.19492073357105255,
      0.2039289027452469,
      0.21627329289913177,
      0.1864175945520401
    ],
    [
      0.21159768104553223,
      0.19055049121379852,
      0.20157752931118011,
      0.20311591029167175,
      0.19315840303897858
    ],
    [
      0.2626214921474457,
      0.1581105887889862,
      0.21047180891036987,
      0.15304195880889893,
      0.2157541960477829
    ],
    [
      0.1801178753376007,
      0.25713014602661133,
      0.19487833976745605,
      0.1940699815750122,
      0.17380362749099731
    ],
    [
      0.18130263686180115,
      0.25050485134124756,
      0.19643108546733856,
      0.19442176818847656,
      0.17733964323997498
    ],
    [
      0.1804063618183136,
      0.2531415820121765,
      0.196829691529274,
      0.19700972735881805,
      0.17261263728141785
    ],
    [
      0.18737377226352692,
      0.21079978346824646,
      0.21244141459465027,
      0.2018270194530487,
      0.18755795061588287
    ],
    [
      0.19928911328315735,
      0.19894328713417053,
      0.20135585963726044,
      0.21302925050258636,
      0.1873825639486313
    ],
    [
      0.19653208553791046,
      0.18956215679645538,
      0.19831722974777222,
      0.19592492282390594,
      0.21966354548931122
    ],
    [
      0.19860988855361938,
      0.19615483283996582,
      0.20418120920658112,
      0.21665526926517487,
      0.1843988597393036
    ],
    [
      0.20188699662685394,
      0.19324131309986115,
      0.21212314069271088,
      0.202618807554245,
      0.19012974202632904
    ],
    [
      0.1897950917482376,
      0.22661183774471283,
      0.20016099512577057,
      0.20043443143367767,
      0.1829976737499237
    ],
    [
      0.19228357076644897,
      0.20357483625411987,
      0.21054628491401672,
      0.20380663871765137,
      0.18978868424892426
    ],
    [
      0.21328754723072052,
      0.18959787487983704,
      0.20182016491889954,
      0.20418736338615417,
      0.19110703468322754
    ],
    [
      0.20746466517448425,
      0.19116005301475525,
      0.20144477486610413,
      0.20686566829681396,
      0.1930648237466812
    ],
    [
      0.19759900867938995,
      0.1970520168542862,
      0.20235095918178558,
      0.19951210916042328,
      0.2034858912229538
    ],
    [
      0.1978110373020172,
      0.1950821727514267,
      0.19992320239543915,
      0.20276135206222534,
      0.204422265291214
    ],
    [
      0.18650689721107483,
      0.2316058874130249,
      0.19885416328907013,
      0.1964767575263977,
      0.1865563541650772
    ],
    [
      0.1966709941625595,
      0.19849641621112823,
      0.20578961074352264,
      0.21697604656219482,
      0.18206697702407837
    ],
    [
      0.1818753331899643,
      0.24871234595775604,
      0.19614937901496887,
      0.1945873349905014,
      0.17867553234100342
    ],
    [
      0.1799243539571762,
      0.2550186514854431,
      0.1968381106853485,
      0.19530318677425385,
      0.17291569709777832
    ],
    [
      0.18265236914157867,
      0.24878646433353424,
      0.19739192724227905,
      0.19622690975666046,
      0.17494232952594757
    ],
    [
      0.18999136984348297,
      0.20797662436962128,
      0.21070979535579681,
      0.2001892477273941,
      0.19113296270370483
    ],
    [
      0.18566590547561646,
