{
  "accuracy": 0.9444444444444444,
  "classification_report": {
    "Silence": {
      "precision": 0.7777777777777778,
      "recall": 1.0,
      "f1-score": 0.875,
      "support": 7.0
    },
    "Factory": {
      "precision": 1.0,
      "recall": 1.0,
      "f1-score": 1.0,
      "support": 7.0
    },
    "Fire": {
      "precision": 1.0,
      "recall": 1.0,
      "f1-score": 1.0,
      "support": 7.0
    },
    "Gas Leak": {
      "precision": 1.0,
      "recall": 1.0,
      "f1-score": 1.0,
      "support": 8.0
    },
    "Scream": {
      "precision": 1.0,
      "recall": 0.7142857142857143,
      "f1-score": 0.8333333333333334,
      "support": 7.0
    },
    "accuracy": 0.9444444444444444,
    "macro avg": {
      "precision": 0.9555555555555555,
      "recall": 0.9428571428571428,
      "f1-score": 0.9416666666666667,
      "support": 36.0
    },
    "weighted avg": {
      "precision": 0.95679012345679,
      "recall": 0.9444444444444444,
      "f1-score": 0.9432870370370371,
      "support": 36.0
    }
  },
  "confusion_matrix": [
    [
      7,
      0,
      0,
      0,
      0
    ],
    [
      0,
      7,
      0,
      0,
      0
    ],
    [
      0,
      0,
      7,
      0,
      0
    ],
    [
      0,
      0,
      0,
      8,
      0
    ],
    [
      2,
      0,
      0,
      0,
      5
    ]
  ],
  "predictions": [
    [
      0.08971966058015823,
      0.6298456192016602,
      0.09637042880058289,
      0.10726576298475266,
      0.07679850608110428
    ],
    [
      0.12772966921329498,
      0.07612945139408112,
      0.12555497884750366,
      0.11279179155826569,
      0.5577941536903381
    ],
    [
      0.0874527171254158,
      0.6528624892234802,
      0.08709274977445602,
      0.09823115915060043,
      0.0743609145283699
    ],
    [
      0.0907774418592453,
      0.08280834555625916,
      0.5565464496612549,
      0.18720905482769012,
      0.08265870064496994
    ],
    [
      0.13499116897583008,
      0.07107487320899963,
      0.34417012333869934,
      0.367270827293396,
      0.08249303698539734
    ],
    [
      0.6664063930511475,
      0.08459857851266861,
      0.07621102035045624,
      0.10519564151763916,
      0.06758829951286316
    ],
    [
      0.0830560103058815,
      0.6707965135574341,
      0.07825221866369247,
      0.09800484776496887,
      0.06989044696092606
    ],
    [
      0.6685405373573303,
      0.08239277452230453,
      0.07456580549478531,
      0.10740183293819427,
      0.06709903478622437
    ],
    [
      0.08516338467597961,
      0.6674379706382751,
      0.08201651275157928,
      0.09495525807142258,
      0.07042689621448517
    ],
    [
      0.08464935421943665,
      0.09210126101970673,
      0.6293656229972839,
      0.12204492092132568,
      0.0718388482928276
    ],
    [
      0.6709038019180298,
      0.0832141563296318,
      0.07386492937803268,
      0.1051892414689064,
      0.06682789325714111
    ],
    [
      0.6636199951171875,
      0.08485562354326248,
      0.07734961807727814,
      0.10675864666700363,
      0.06741607934236526
    ],
    [
      0.6638754606246948,
      0.08469132333993912,
      0.07765797525644302,
      0.10602911561727524,
      0.06774604320526123
    ],
    [
      0.3682400584220886,
      0.1441984623670578,
      0.10578087717294693,
      0.13021977245807648,
      0.25156083703041077
    ],
    [
      0.14410871267318726,
      0.07393187284469604,
      0.28451043367385864,
      0.4078242778778076,
      0.08962462097406387
    ],
    [
      0.09111900627613068,
      0.6329053044319153,
      0.09285614639520645,
      0.1083817332983017,
      0.07473781704902649
    ],
    [
      0.23085443675518036,
      0.11200621724128723,
      0.11040310561656952,
      0.13101771473884583,
      0.41571852564811707
    ],
    [
      0.15257884562015533,
      0.09437321126461029,
      0.14898714423179626,
      0.11981454491615295,
      0.48424628376960754
    ],
    [
      0.1324804127216339,
      0.07406120747327805,
      0.13440382480621338,
      0.5691489577293396,
      0.08990558981895447
    ],
    [
      0.2298048585653305,
      0.1569945514202118,
      0.26261213421821594,
      0.14863014221191406,
      0.20195837318897247
    ],
    [
      0.31626757979393005,
      0.1511480063199997,
      0.11224355548620224,
      0.14087018370628357,
      0.2794705927371979
    ],
    [
      0.2646213173866272,
      0.10491153597831726,
      0.3125234842300415,
      0.22770944237709045,
      0.09023420512676239
    ],
    [
      0.08030581474304199,
      0.08184381574392319,
      0.565534234046936,
      0.19458052515983582,
      0.07773557305335999
    ],
    [
      0.13118092715740204,
      0.07483827322721481,
      0.13901391625404358,
      0.5650632977485657,
      0.08990360796451569
    ],
    [
      0.09238339960575104,
      0.626453161239624,
      0.10285455733537674,
      0.10400466620922089,
      0.0743042379617691
    ],
    [
      0.12780550122261047,
      0.0763348937034607,
      0.14407293498516083,
      0.5644903182983398,
      0.08729641139507294
    ],
    [
      0.1225428506731987,
      0.08019425719976425,
      0.13087448477745056,
      0.11368762701749802,
      0.5527008175849915
    ],
    [
      0.12207144498825073,
      0.07745203375816345,
      0.12642745673656464,
      0.1156078577041626,
      0.5584412813186646
    ],
    [
      0.07560436427593231,
      0.09733196347951889,
      0.6223235726356506,
      0.13433334231376648,
      0.07040669769048691
    ],
    [
      0.08274755626916885,
      0.06281880289316177,
      0.5644472241401672,
      0.21416568756103516,
      0.07582075893878937
    ],
    [
      0.1356232613325119,
      0.07420296967029572,
      0.13249054551124573,
      0.5686138868331909,
      0.08906944841146469
    ],
    [
      0.08582255989313126,
      0.6612151861190796,
      0.08480683714151382,
      0.09686195850372314,
      0.07129349559545517
    ],
    [
      0.6678053736686707,
      0.084025077521801,
      0.07564357668161392,
      0.10548420995473862,
      0.0670418068766594
    ],
    [
      0.15340596437454224,
      0.06980502605438232,
      0.2067515105009079,
      0.4855857193470001,
      0.08445172756910324
    ],
    [
      0.15215685963630676,
      0.07375755161046982,
      0.267671674489975,
      0.4210328161716461,
      0.08538107573986053
    ],
    [
      0.28190988302230835,
      0.14651086926460266,
      0.1623959243297577,
      0.15550604462623596,
      0.25367727875709534
    ]
  ],
  "y_true": [
    1,
    4,
    1,
    2,
    3,
    0,
    1,
    0,
    1,
    2,
    0,
    0,
    0,
    4,
    3,
    1,
    4,
    4,
    3,
    2,
    4,
    2,
    2,
    3,
    1,
    3,
    4,
    4,
    2,
    2,
    3,
    1,
    0,
    3,
    3,
    0
  ],
  "y_pred": [
    1,
    4,
    1,
    2,
    3,
    0,
    1,
    0,
    1,
    2,
    0,
    0,
    0,
    0,
    3,
    1,
    4,
    4,
    3,
    2,
    0,
    2,
    2,
    3,
    1,
    3,
    4,
    4,
    2,
    2,
    3,
    1,
    0,
    3,
    3,
    0
  ],
  "model_path": "c:\\Users\\dotor\\Desktop\\Realtime_Sound_Detection_Ver2\\results\\version_v2.11\\training\\yamnet_lstm_model_20250812_034817.h5",
  "evaluation_time": "20250812_034819"
}